[
    {
         "serialno":301,
         "name":"Milk",
         "quantity":2,
         "unit": "Litres",
         "department":"Diary",
         "notes": "Low"
    },
    {
        "serialno":327,
        "name":"Egg",
        "quantity":12,
        "unit": "no:s",
        "department":"Diary",
        "notes": "Available"
    },
    {
        "serialno":268,
        "name":"Bread",
        "quantity":1,
        "unit": "Packet",
        "department":"Baked Goods",
        "notes": "Low"
    },
    {
        "serialno":356,
        "name":"Butter",
        "quantity":1,
        "unit": "Packet",
        "department":"Diary",
        "notes": "Available"
    },
    {
        "serialno":116,
        "name":"Tomato",
        "quantity":2,
        "unit": "kg",
        "department":"Produce",
        "notes": "Available"
    },
    {
        "serialno":118,
        "name":"Carrot",
        "quantity":1,
        "unit": "kg",
        "department":"Produce",
        "notes": "Available"
    },
    {
        "serialno":112,
        "name":"Cucumber",
        "quantity":1,
        "unit": "kg",
        "department":"Produce",
        "notes": "Available"
    },
    {
        "serialno":826,
        "name":"Soap",
        "quantity":4,
        "unit": "no:s",
        "department":"Personal Care",
        "notes": "Available"
    },
    {
        "serialno":505,
        "name":"Detergent",
        "quantity":2,
        "unit": "kg",
        "department":"Cleaners",
        "notes": "Available"
    }

]
